{
  "v0_x_scale": 0.6830914616584778,
  "v0_y_scale": 0.032800592482089996,
  "v1_conv_0_x_scale": 0.032800592482089996,
  "v1_conv_0_y_scale": 0.03087916597723961,
  "v1_conv_1_x_scale": 0.03087916597723961,
  "v1_conv_1_y_scale": 0.025100668892264366,
  "v2_conv_0_x_scale": 0.025100668892264366,
  "v2_conv_0_y_scale": 0.03489501774311066,
  "v2_conv_1_x_scale": 0.03489501774311066,
  "v2_conv_1_y_scale": 0.027179699391126633,
  "v3_conv_0_x_scale": 0.027179699391126633,
  "v3_conv_0_y_scale": 0.032776832580566406,
  "v3_conv_1_x_scale": 0.032776832580566406,
  "v3_conv_1_y_scale": 0.024469291791319847,
  "v4_conv_0_x_scale": 0.024469291791319847,
  "v4_conv_0_y_scale": 0.05443699285387993,
  "v4_conv_1_x_scale": 0.05443699285387993,
  "v4_conv_1_y_scale": 0.018904956057667732,
  "v5_x_scale": 0.018904956057667732,
  "v5_y_scale": 0.20769637823104858
}