{
  "v0_x_scale": 1.4015748500823975,
  "v0_y_scale": 0.06299212574958801,
  "v1_conv_0_x_scale": 0.06299212574958801,
  "v1_conv_0_y_scale": 0.05511811003088951,
  "v1_conv_1_x_scale": 0.05511811003088951,
  "v1_conv_1_y_scale": 0.05511811003088951,
  "v2_conv_0_x_scale": 0.04724409431219101,
  "v2_conv_0_y_scale": 0.06299212574958801,
  "v2_conv_1_x_scale": 0.06299212574958801,
  "v2_conv_1_y_scale": 0.05511811003088951,
  "v3_conv_0_x_scale": 0.04724409431219101,
  "v3_conv_0_y_scale": 0.07086614519357681,
  "v3_conv_1_x_scale": 0.06299212574958801,
  "v3_conv_1_y_scale": 0.04724409431219101,
  "v4_conv_0_x_scale": 0.04724409431219101,
  "v4_conv_0_y_scale": 0.10236220806837082,
  "v4_conv_1_x_scale": 0.10236220806837082,
  "v4_conv_1_y_scale": 0.15748031437397003,
  "v5_x_scale": 0.031496062874794006,
  "v5_y_scale": 1.0
}