{
  "v0_x_scale": 1.503937005996704,
  "v0_y_scale": 8.78740119934082,
  "v1_conv_0_x_scale": 8.78740119934082,
  "v1_conv_0_y_scale": 4.60629940032959,
  "v1_conv_1_x_scale": 2.9370079040527344,
  "v1_conv_1_y_scale": 3.417322874069214,
  "v2_conv_0_x_scale": 3.417322874069214,
  "v2_conv_0_y_scale": 3.25984263420105,
  "v2_conv_1_x_scale": 2.307086706161499,
  "v2_conv_1_y_scale": 3.5196850299835205,
  "v3_conv_0_x_scale": 3.5196850299835205,
  "v3_conv_0_y_scale": 4.724409580230713,
  "v3_conv_1_x_scale": 2.3149607181549072,
  "v3_conv_1_y_scale": 4.881889820098877,
  "v4_conv_0_x_scale": 4.881889820098877,
  "v4_conv_0_y_scale": 3.929133892059326,
  "v4_conv_1_x_scale": 7.244094371795654,
  "v4_conv_1_y_scale": 4.30708646774292,
  "v5_x_scale": 0.7244094610214233,
  "v5_y_scale": 1.0
}