{
  "v0_x_scale": 1.4015748500823975,
  "v0_y_scale": 0.05511811003088951,
  "v1_conv_0_x_scale": 0.05511811003088951,
  "v1_conv_0_y_scale": 0.07874015718698502,
  "v1_conv_1_x_scale": 0.07874015718698502,
  "v1_conv_1_y_scale": 0.07874015718698502,
  "v2_conv_0_x_scale": 0.07874015718698502,
  "v2_conv_0_y_scale": 0.08661417663097382,
  "v2_conv_1_x_scale": 0.08661417663097382,
  "v2_conv_1_y_scale": 0.07874015718698502,
  "v3_conv_0_x_scale": 0.07874015718698502,
  "v3_conv_0_y_scale": 0.09448818862438202,
  "v3_conv_1_x_scale": 0.07874015718698502,
  "v3_conv_1_y_scale": 0.06299212574958801,
  "v4_conv_0_x_scale": 0.05511811003088951,
  "v4_conv_0_y_scale": 0.12598425149917603,
  "v4_conv_1_x_scale": 0.12598425149917603,
  "v4_conv_1_y_scale": 0.22834645211696625,
  "v5_x_scale": 0.03937007859349251,
  "v5_y_scale": 1.0
}